<?xml version="1.0" encoding="utf-8"?>
<manifest identifier="frAFTzzDd9V2y" xmlns="http://www.imsproject.org/xsd/imscp_rootv1p1p2" xmlns:adlcp="http://www.adlnet.org/xsd/adlcp_rootv1p2" xmlns:xsi="http://www.w3.org/2001/XMLSchema-instance" xmlns:lom="http://www.imsglobal.org/xsd/imsmd_rootv1p2p1" xsi:schemaLocation="http://www.imsproject.org/xsd/imscp_rootv1p1p2 imscp_rootv1p1p2.xsd http://www.imsglobal.org/xsd/imsmd_rootv1p2p1 imsmd_rootv1p2p1.xsd http://www.adlnet.org/xsd/adlcp_rootv1p2 adlcp_rootv1p2.xsd">
<metadata>
<schema>ADL SCORM</schema>
<schemaversion>1.2</schemaversion>
<lom:lom>
<lom:general>
<lom:title>
<lom:langstring>wulasi</lom:langstring>
</lom:title>
<lom:keyword>
<lom:langstring>www.1ppt.com</lom:langstring>
</lom:keyword>
</lom:general>
<lom:educational>
<lom:typicallearningtime>
<lom:datetime>01:00:00</lom:datetime>
</lom:typicallearningtime>
</lom:educational>
</lom:lom>
</metadata>
<organizations default="wulasi_organization">
<organization identifier="wulasi_organization">
<title>wulasi</title>
<item identifier="B23E8C26-BD40-4B04-B83B-D289AC4EE9DA" identifierref="resource">
<title>蓝色大气稳重合作商业计划书PPT模板</title>
</item>
</organization>
</organizations>
<resources>
<resource identifier="resource" type="webcontent" adlcp:scormtype="sco" href="res/index.html">
<file href="res/index.html"/>
<file href="res/lms.js"/>
<file href="res/data/thmb1.png"/>
<file href="res/data/slide1.js"/>
<file href="res/data/slide1.css"/>
<file href="res/data.local-only/slide1.js"/>
<file href="res/data/thmb2.png"/>
<file href="res/data/slide2.js"/>
<file href="res/data/slide2.css"/>
<file href="res/data.local-only/slide2.js"/>
<file href="res/data/thmb3.png"/>
<file href="res/data/slide3.js"/>
<file href="res/data/slide3.css"/>
<file href="res/data.local-only/slide3.js"/>
<file href="res/data/thmb4.png"/>
<file href="res/data/quiz1.js"/>
<file href="res/data/quiz1/fonts/fnt0.woff"/>
<file href="res/data/quiz1/fonts/fnt1.woff"/>
<file href="res/data/quiz1/fonts/fnt2.woff"/>
<file href="res/data/quiz1/fonts/fnt3.woff"/>
<file href="res/data/quiz1/fonts/fnt4.woff"/>
<file href="res/data/quiz1/fonts/fnt5.woff"/>
<file href="res/data/quiz1/fonts/fnt6.woff"/>
<file href="res/data/quiz1/images/quiz_bg_0.png"/>
<file href="res/data/thmb5.png"/>
<file href="res/data/slide5.js"/>
<file href="res/data/slide5.css"/>
<file href="res/data.local-only/slide5.js"/>
<file href="res/data/thmb6.png"/>
<file href="res/data/slide6.js"/>
<file href="res/data/slide6.css"/>
<file href="res/data.local-only/slide6.js"/>
<file href="res/data/thmb7.png"/>
<file href="res/data/quiz2.js"/>
<file href="res/data/quiz2/fonts/fnt0.woff"/>
<file href="res/data/quiz2/fonts/fnt1.woff"/>
<file href="res/data/quiz2/fonts/fnt2.woff"/>
<file href="res/data/quiz2/fonts/fnt3.woff"/>
<file href="res/data/quiz2/fonts/fnt4.woff"/>
<file href="res/data/quiz2/fonts/fnt5.woff"/>
<file href="res/data/quiz2/fonts/fnt6.woff"/>
<file href="res/data/quiz2/images/quiz_bg_1.png"/>
<file href="res/data/quizplayer.js"/>
<file href="res/index.html"/>
<file href="res/data/player.js"/>
<file href="res/data/eraser.cur"/>
<file href="res/data/highlighter.cur"/>
<file href="res/data/marker.cur"/>
<file href="res/data/lock.cur"/>
<file href="res/data/browsersupport.js"/>
<file href="res/data/apple-touch-icon.png"/>
<file href="res/data/favicon.ico"/>
<file href="res/data/fnt0.woff"/>
<file href="res/data/fnt1.woff"/>
<file href="res/data/fnt2.woff"/>
<file href="res/data/fnt3.woff"/>
<file href="res/data/fnt4.woff"/>
<file href="res/data/fnt5.woff"/>
<file href="res/data/fnt6.woff"/>
<file href="res/data/fnt7.woff"/>
<file href="res/data/fnt8.woff"/>
<file href="res/data/fnt9.woff"/>
<file href="res/data/html5-unsupported.html"/>
<file href="res/data/img0.png"/>
<file href="res/data/img1.png"/>
<file href="res/data/img2.png"/>
<file href="res/data/img3.png"/>
<file href="res/data/img4.png"/>
</resource>
</resources>
</manifest>
